source,keyword,posted_date,scraped_at,title,company,location,country,salary,url,job_id,description_snippet
jobstreet,Singapore-AI,2026-09-11,2026-09-11T06:01:59.415225,"Staff/Principal AI Engineer, SMAI",,Singapura,Singapore,,https://id.jobstreet.com/id/job/94549529?type=standard&ref=search-standalone&origin=cardTitle#sol=9888eaa935805d8393a6deb7533e383692e2c3f5,94549529,
jobstreet,Singapore-AI,2026-09-11,2026-09-11T06:01:59.341108,Artificial Intelligence / Computer Vision Engineer,,"Redhill, Central Region, SG",Singapore,,https://id.jobstreet.com/id/job/94553190?type=standard&ref=search-standalone&origin=cardTitle#sol=36937bf21076b8896ff57f1488c4cdf9c2675d50,94553190,
jobstreet,Singapore-AI,2026-09-11,2026-09-11T06:01:59.286795,"AI Engineer, SMAI",,Singapura,Singapore,,https://id.jobstreet.com/id/job/94549481?type=standard&ref=search-standalone&origin=cardTitle#sol=e6c8b0aef1c7ab878df1f750269f7f157669f19f,94549481,
jobstreet,Singapore-AI,2026-09-11,2026-09-11T06:01:59.224749,"Software Engineer, Generative AI & ML",,Singapura,Singapore,,https://id.jobstreet.com/id/job/94519759?type=standard&ref=search-standalone&origin=cardTitle#sol=9d7f165218be24248bb754c2db7462db0e9d2331,94519759,
jobstreet,Singapore-AI,2026-09-11,2026-09-11T06:01:59.168688,"Assistant Manager, Data & AI (AI Engineer)",,"Sentosa, Central Region, SG",Singapore,,https://id.jobstreet.com/id/job/94554214?type=standard&ref=search-standalone&origin=cardTitle#sol=5b357e2430cd746c5f7f6864af3d13c4b2619169,94554214,
jobstreet,Singapore-AI,2026-09-11,2026-09-11T06:01:59.108586,Full Stack AI Engineer,,Singapura,Singapore,,https://id.jobstreet.com/id/job/94543866?type=standard&ref=search-standalone&origin=cardTitle#sol=b1c2b0d91638e2456cf1da5246c956409a7fc56b,94543866,
jobstreet,Singapore-AI,2026-09-11,2026-09-11T06:01:59.054414,AI Engineer,,"Changi, East Region, SG",Singapore,,https://id.jobstreet.com/id/job/94551130?type=standard&ref=search-standalone&origin=cardTitle#sol=7459ae1cc2fc220a6e28e8ceed8a77f4ed619baa,94551130,
jobstreet,Singapore-AI,2026-09-11,2026-09-11T06:01:58.991242,Junior AI Software Engineer,,Singapura,Singapore,,https://id.jobstreet.com/id/job/94559612?type=standard&ref=search-standalone&origin=cardTitle#sol=ebde6545110f08d0e6a5ea6dd3fd4363dc1c0039,94559612,
jobstreet,Singapore-AI,2026-09-11,2026-09-11T06:01:58.926419,Senior AI Engineer (Production GenAI and ML Systems),,"Changi, East Region, SG",Singapore,,https://id.jobstreet.com/id/job/94556590?type=standard&ref=search-standalone&origin=cardTitle#sol=c9f59ed724b38dfc0ba9db6e2ae4f0ede22623ea,94556590,
jobstreet,Singapore-AI,2026-09-11,2026-09-11T06:01:58.866878,AI Software Engineer,,"Central Region, SG",Singapore,,https://id.jobstreet.com/id/job/94479464?type=standard&ref=search-standalone&origin=cardTitle#sol=595c7ad40f4bf2f131e9228cebc50cb22fc715f1,94479464,
jobstreet,Singapore-AI,2026-09-11,2026-09-11T06:01:58.807539,Robotics Engineer - Embodied AI,,"Paya Lebar, East Region, SG",Singapore,,https://id.jobstreet.com/id/job/94516886?type=standard&ref=search-standalone&origin=cardTitle#sol=bb605609bc893e5d2d45550038d127c05462bcd6,94516886,
jobstreet,Singapore-AI,2026-09-11,2026-09-11T06:01:58.750207,AI Agent Application Engineer,,"Central Region, SG",Singapore,,https://id.jobstreet.com/id/job/94557380?type=standard&ref=search-standalone&origin=cardTitle#sol=5833212a9cce78a364ab941c2756a34cabac0601,94557380,
jobstreet,Singapore-AI,2026-09-11,2026-09-11T06:01:58.682271,"AI Engineer, SMAI",,Singapura,Singapore,,https://id.jobstreet.com/id/job/94549536?type=standard&ref=search-standalone&origin=cardTitle#sol=623512f64ad722d3a7833d56217cbe372bbf580a,94549536,
jobstreet,Singapore-AI,2026-09-11,2026-09-11T06:01:58.553914,AI Engineer,,"Jurong East, West Region, SG",Singapore,,https://id.jobstreet.com/id/job/94557216?type=standard&ref=search-standalone&origin=cardTitle#sol=a8ffffe5f80337e90f5307ae22a1e73be21f83d4,94557216,
jobstreet,Australia-ML,2026-09-11,2026-09-11T06:01:48.903755,EL1 Data Scientist,,"Canberra ACT, AU",Australia,,https://id.jobstreet.com/id/job/94459466?type=standard&ref=search-standalone&origin=cardTitle#sol=59236e55bf25641f996b8c7c79d5a98c40e68a8f,94459466,
jobstreet,Australia-ML,2026-09-11,2026-09-11T06:01:48.636774,AI Engineer,,"Melbourne VIC, AU",Australia,,https://id.jobstreet.com/id/job/94454327?type=standard&ref=search-standalone&origin=cardTitle#sol=80da66096e77b438b96ec3298fa5759cdca2fba8,94454327,
jobstreet,Australia-ML,2026-09-11,2026-09-11T06:01:48.508970,AI Data Engineer,,"Canberra ACT, AU",Australia,,https://id.jobstreet.com/id/job/94390085?type=standard&ref=search-standalone&origin=cardTitle#sol=8660dbfac65e9610686799e316f0d0c1298a5a0e,94390085,
jobstreet,Australia-ML,2026-09-11,2026-09-11T06:01:48.353402,Data Scientist,,"Sydney NSW, AU",Australia,,https://id.jobstreet.com/id/job/94416400?type=standard&ref=search-standalone&origin=cardTitle#sol=7ae2eb0c7811e754b64f5d4b204ad3a6dd0d662f,94416400,
jobstreet,Australia-ML,2026-09-11,2026-09-11T06:01:48.287301,Senior Machine Learning Engineer,,"Sydney NSW, AU",Australia,,https://id.jobstreet.com/id/job/94559679?type=standard&ref=search-standalone&origin=cardTitle#sol=98eeb4c1134d501879b220f1825ed56ac0bb7232,94559679,
jobstreet,Australia-ML,2026-09-11,2026-09-11T06:01:48.208274,Data Scientist,,"Newcastle, Newcastle, Maitland & Hunter NSW, AU",Australia,,https://id.jobstreet.com/id/job/94478009?type=standard&ref=search-standalone&origin=cardTitle#sol=a90101f849062973d5891d516d2c96dfb82e872c,94478009,
jobstreet,Australia-ML,2026-09-11,2026-09-11T06:01:48.064897,Machine Learning Engineer,,"Perth WA, AU",Australia,,https://id.jobstreet.com/id/job/94502676?type=standard&ref=search-standalone&origin=cardTitle#sol=0086111c043725f0925aa392feadfbd55e85b155,94502676,
jobstreet,Australia-ML,2026-09-11,2026-09-11T06:01:47.876191,Data Scientist,,"Canberra ACT, AU",Australia,,https://id.jobstreet.com/id/job/94537255?type=standard&ref=search-standalone&origin=cardTitle#sol=1713a8da40df4a6dfa37005ccbfa5fbf0b29fa51,94537255,
jobstreet,Australia-ML,2026-09-11,2026-09-11T06:01:47.742005,Graduate Machine Vision Developer,,"Notting Hill, Melbourne VIC, AU",Australia,,https://id.jobstreet.com/id/job/94479693?type=standard&ref=search-standalone&origin=cardTitle#sol=4a36bc0d685167ca345f87eff8187280efa8e105,94479693,
jobstreet,Australia-ML,2026-09-11,2026-09-11T06:01:47.613512,Machine Learning / Data Engineer,,"Sydney NSW, AU",Australia,,https://id.jobstreet.com/id/job/94129182?type=standard&ref=search-standalone&origin=cardTitle#sol=cd1bfe18f37ef52a94c693522248ecaf292dcf01,94129182,
jobstreet,Australia-ML,2026-09-11,2026-09-11T06:01:47.519170,Senior AI/Machine Learning Engineer,,"Canberra ACT, AU",Australia,,https://id.jobstreet.com/id/job/94516359?type=standard&ref=search-standalone&origin=cardTitle#sol=017eb3734851258ae7a5b06e88dcb11c67aa245e,94516359,
jobstreet,Australia-ML,2026-09-11,2026-09-11T06:01:47.405196,Machine Learning Engineer,,"Canberra ACT, AU",Australia,,https://id.jobstreet.com/id/job/94471293?type=standard&ref=search-standalone&origin=cardTitle#sol=e5657b15f190cd1567759e25fd5f42c19fbc3ca4,94471293,
jobstreet,Australia-ML,2026-09-11,2026-09-11T06:01:47.292624,AI Engineer / Software Integrator,,"Eastwood, Sydney NSW, AU",Australia,,https://id.jobstreet.com/id/job/94427773?type=promoted&ref=search-standalone&origin=cardTitle#sol=14ba7800cec312dfc0ab5c206a2563e2b43ad3a2,94427773,
jobstreet,Australia-ML,2026-09-11,2026-09-11T06:01:47.170911,Senior AI / Machine Learning Engineer,,"Brisbane QLD, AU",Australia,,https://id.jobstreet.com/id/job/94418096?type=promoted&ref=search-standalone&origin=cardTitle#sol=7e8def222b58b2cd938684b0ede4e08e1a19aea6,94418096,
jobstreet,Singapore-ML,2026-09-11,2026-09-11T06:01:37.026746,Machine Learning Engineer,,"Central Region, SG",Singapore,,https://id.jobstreet.com/id/job/94433856?type=standard&ref=search-standalone&origin=cardTitle#sol=e4c90a11a4ef19a454a55640ad4e030cb0fd5b64,94433856,
jobstreet,Singapore-ML,2026-09-11,2026-09-11T06:01:36.965890,Senior Machine Learning Engineer (AI Agent),,"Central Region, SG",Singapore,,https://id.jobstreet.com/id/job/94479992?type=standard&ref=search-standalone&origin=cardTitle#sol=bfb3ff150a483cb66aa4060dd7337433a877f9bc,94479992,
jobstreet,Singapore-ML,2026-09-11,2026-09-11T06:01:36.908944,Machine Learning Engineer (AI Infrastructure),,"Central Region, SG",Singapore,,https://id.jobstreet.com/id/job/94275855?type=standard&ref=search-standalone&origin=cardTitle#sol=1d79af2fad297f44807a87179507a6e2593e08b7,94275855,
jobstreet,Singapore-ML,2026-09-11,2026-09-11T06:01:36.856051,"Machine Learning Engineer (Recommendation), Global E-Commerce Alliance",,Singapura,Singapore,,https://id.jobstreet.com/id/job/94493760?type=standard&ref=search-standalone&origin=cardTitle#sol=c4a481257d049fdc172967709c034f1525f55c99,94493760,
jobstreet,Singapore-ML,2026-09-11,2026-09-11T06:01:36.794247,Machine Learning System Engineer - Data AML - Soaring Star Talent Program,,Singapura,Singapore,,https://id.jobstreet.com/id/job/94493765?type=standard&ref=search-standalone&origin=cardTitle#sol=54d0d28e1d3620a1799cf97b9c0dae33f62aa460,94493765,
jobstreet,Singapore-ML,2026-09-11,2026-09-11T06:01:36.739907,"Tech Lead, Machine Learning Engineer - Search E-commerce",,Singapura,Singapore,,https://id.jobstreet.com/id/job/94524567?type=standard&ref=search-standalone&origin=cardTitle#sol=42bf633d26137bc073899d6ea8066b2d4c0421e0,94524567,
jobstreet,Singapore-ML,2026-09-11,2026-09-11T06:01:36.683220,Backend Engineer - Machine Learning Storage Infra (Singapore),,Singapura,Singapore,,https://id.jobstreet.com/id/job/94532051?type=standard&ref=search-standalone&origin=cardTitle#sol=7c923eb998989a2b95c2a7a84109dbc2032b7487,94532051,
jobstreet,Singapore-ML,2026-09-11,2026-09-11T06:01:36.624816,"Machine Learning Engineer, Strategic Data Solutions",,Singapura,Singapore,,https://id.jobstreet.com/id/job/94519384?type=standard&ref=search-standalone&origin=cardTitle#sol=0bfff144cc415334ecd66f5a920ed8282a147e80,94519384,
jobstreet,Singapore-ML,2026-09-11,2026-09-11T06:01:36.568465,Machine Learning Engineer (User Growth) - Global Payment - Singapore,,Singapura,Singapore,,https://id.jobstreet.com/id/job/94524679?type=standard&ref=search-standalone&origin=cardTitle#sol=e437c4121ad93a1f32c1267da658d5e079d3671c,94524679,
jobstreet,Singapore-ML,2026-09-11,2026-09-11T06:01:36.507493,Backend Engineer - Applied Machine Learning Engine (Efficiency Tool),,Singapura,Singapore,,https://id.jobstreet.com/id/job/94554993?type=standard&ref=search-standalone&origin=cardTitle#sol=d0603b2ef30a1500f9dfaa675b447ec2380a0116,94554993,
jobstreet,Singapore-ML,2026-09-11,2026-09-11T06:01:36.439660,Machine Learning Storage Infrastructure Engineer,,"Central Region, SG",Singapore,,https://id.jobstreet.com/id/job/94551294?type=standard&ref=search-standalone&origin=cardTitle#sol=311ddd9a05e19f5c0d4325889307a141439e392c,94551294,
jobstreet,Singapore-ML,2026-09-11,2026-09-11T06:01:36.383918,Machine Learning / AI Engineer,,"Central Region, SG",Singapore,,https://id.jobstreet.com/id/job/94510668?type=standard&ref=search-standalone&origin=cardTitle#sol=7a3c91db9fc7d09827819e4deef025cd7723da91,94510668,
jobstreet,Singapore-ML,2026-09-11,2026-09-11T06:01:36.326395,Machine Learning Engineer - Vertical Search,,Singapura,Singapore,,https://id.jobstreet.com/id/job/94524552?type=standard&ref=search-standalone&origin=cardTitle#sol=676665887e3be0975ea210de41cb5755d5a2dda5,94524552,
jobstreet,Singapore-ML,2026-09-11,2026-09-11T06:01:36.271403,Machine Learning Engineer - Search (NLP) - Singapore,,Singapura,Singapore,,https://id.jobstreet.com/id/job/94524548?type=standard&ref=search-standalone&origin=cardTitle#sol=5523ed14153b6972407242e7b5b730d0d10bc09b,94524548,
jobstreet,Singapore-ML,2026-09-11,2026-09-11T06:01:36.216977,Lead Machine Learning Engineer,,Singapura,Singapore,,https://id.jobstreet.com/id/job/94559617?type=standard&ref=search-standalone&origin=cardTitle#sol=ed1b56329af005123827809a5334c090988b67d8,94559617,
jobstreet,Malaysia-ML,2026-09-11,2026-09-11T06:01:26.009941,"Senior Executive, AI Engineer",,"Kuala Lumpur City Centre, Kuala Lumpur, MY",Malaysia,,https://id.jobstreet.com/id/job/93988156?type=standard&ref=search-standalone&origin=cardTitle#sol=8dbb3fd9485f458c03969f5ef8424ec559e89600,93988156,
jobstreet,Malaysia-ML,2026-09-11,2026-09-11T06:01:25.371463,Data Science Staff Engineer,,"Bayan Lepas, Penang, MY",Malaysia,,https://id.jobstreet.com/id/job/94339625?type=standard&ref=search-standalone&origin=cardTitle#sol=8b4066b16265807a1ea3ab6551b50601099085e9,94339625,
jobstreet,Malaysia-ML,2026-09-11,2026-09-11T06:01:25.304462,AI Data Engineer,,"Taman Desa Cemerlang, Johor, MY",Malaysia,,https://id.jobstreet.com/id/job/93926915?type=standard&ref=search-standalone&origin=cardTitle#sol=b9f2fd72477f3b0585abaf1b90b7be19e268548c,93926915,
jobstreet,Malaysia-ML,2026-09-11,2026-09-11T06:01:25.006266,AI Engineer,,"Bangsar South, Kuala Lumpur, MY",Malaysia,,https://id.jobstreet.com/id/job/94093278?type=standard&ref=search-standalone&origin=cardTitle#sol=3ea85bc14fe067df198fef1768ae888147630125,94093278,
jobstreet,Malaysia-ML,2026-09-11,2026-09-11T06:01:24.930289,Machine Learning Platform Engineer (Remote),,"Kuala Lumpur, MY",Malaysia,,https://id.jobstreet.com/id/job/94121174?type=standard&ref=search-standalone&origin=cardTitle#sol=42edcf61b71523d5dc15dde5eaac2b28ef295a05,94121174,
jobstreet,Malaysia-ML,2026-09-11,2026-09-11T06:01:24.700343,Associate - Artificial Intelligent/Machine Learning (Sunway Digital),,"Petaling Jaya, Selangor, MY",Malaysia,,https://id.jobstreet.com/id/job/94527993?type=standard&ref=search-standalone&origin=cardTitle#sol=761f8aed5266cf9e180eddbb51153d5ed8d7f1c6,94527993,
jobstreet,Malaysia-ML,2026-09-11,2026-09-11T06:01:24.525028,Algorithm / Machine Learning Engineer (Junior to Senior),,"Bandar Malaysia, Kuala Lumpur, MY",Malaysia,,https://id.jobstreet.com/id/job/94051238?type=standard&ref=search-standalone&origin=cardTitle#sol=e70cf1fb1df8de971e7e8af9de0c41101319dd54,94051238,
jobstreet,Malaysia-ML,2026-09-11,2026-09-11T06:01:24.370244,Machine Learning Platform Engineer (IT Engineer/ WFH),,"Petaling Jaya, Selangor, MY",Malaysia,,https://id.jobstreet.com/id/job/94448265?type=standard&ref=search-standalone&origin=cardTitle#sol=2a8bb64569ca78103bc873fd2f06be6b79c5848c,94448265,
jobstreet,Malaysia-ML,2026-09-11,2026-09-11T06:01:24.220710,Machine Learning Engineer (ML & ML Ops),,"Kuala Lumpur, MY",Malaysia,,https://id.jobstreet.com/id/job/94352486?type=standard&ref=search-standalone&origin=cardTitle#sol=ae62a4009f965ddd6f20337d2d2b27b0a8b0c391,94352486,
jobstreet,Malaysia-AI,2026-09-11,2026-09-11T06:01:12.247512,AI Engineer (Mandarin Speaker),,"Bangsar South, Kuala Lumpur, MY",Malaysia,,https://id.jobstreet.com/id/job/94049785?type=standard&ref=search-standalone&origin=cardTitle,94049785,
jobstreet,Malaysia-AI,2026-09-11,2026-09-11T06:01:12.174492,AI Engineer,,"Petaling Jaya, Selangor, MY",Malaysia,,https://id.jobstreet.com/id/job/94264326?type=standard&ref=search-standalone&origin=cardTitle,94264326,
jobstreet,Malaysia-AI,2026-09-11,2026-09-11T06:01:12.093031,AI Solution Engineer,,"Taman Desa Cemerlang, Johor, MY",Malaysia,,https://id.jobstreet.com/id/job/93927038?type=standard&ref=search-standalone&origin=cardTitle,93927038,
jobstreet,Malaysia-AI,2026-09-11,2026-09-11T06:01:12.025534,Senior AI Solutions Engineer (Team Lead),,"Petaling Jaya, Selangor, MY",Malaysia,,https://id.jobstreet.com/id/job/94508357?type=standard&ref=search-standalone&origin=cardTitle,94508357,
jobstreet,Malaysia-AI,2026-09-11,2026-09-11T06:01:11.943530,Junior AI Support Engineer (Open to Fresh Graduates!),,"Kuala Lumpur, MY",Malaysia,,https://id.jobstreet.com/id/job/94526212?type=standard&ref=search-standalone&origin=cardTitle,94526212,
jobstreet,Malaysia-AI,2026-09-11,2026-09-11T06:01:11.872099,AI / Software Engineer Intern,,"Taman Danau Desa, Kuala Lumpur, MY",Malaysia,,https://id.jobstreet.com/id/job/94513338?type=standard&ref=search-standalone&origin=cardTitle,94513338,
jobstreet,Malaysia-AI,2026-09-11,2026-09-11T06:01:11.778099,Conversational AI Engineer (RAG & Mobile Integration),,"Kuala Lumpur City Centre, Kuala Lumpur, MY",Malaysia,,https://id.jobstreet.com/id/job/94289578?type=standard&ref=search-standalone&origin=cardTitle,94289578,
jobstreet,Malaysia-AI,2026-09-11,2026-09-11T06:01:11.694625,AI Engineer Intern,,"Cyberjaya, Selangor, MY",Malaysia,,https://id.jobstreet.com/id/job/94551326?type=standard&ref=search-standalone&origin=cardTitle,94551326,
jobstreet,Malaysia-AI,2026-09-11,2026-09-11T06:01:11.628330,"Engineer, Software // Artificial Intelligence (AI)",,"Meru, Selangor, MY",Malaysia,,https://id.jobstreet.com/id/job/94054724?type=standard&ref=search-standalone&origin=cardTitle,94054724,
jobstreet,Malaysia-AI,2026-09-11,2026-09-11T06:01:11.566925,AI Engineer,,"Cyberjaya, Selangor, MY",Malaysia,,https://id.jobstreet.com/id/job/94391141?type=standard&ref=search-standalone&origin=cardTitle,94391141,
jobstreet,Malaysia-AI,2026-09-11,2026-09-11T06:01:11.492885,AI Executive (Full Stack Engineer),,"Jalan Ipoh, Kuala Lumpur, MY",Malaysia,,https://id.jobstreet.com/id/job/94549768?type=standard&ref=search-standalone&origin=cardTitle,94549768,
jobstreet,Malaysia-AI,2026-09-11,2026-09-11T06:01:11.435321,Ai/ML Engineering Internship,,"Petaling Jaya, Selangor, MY",Malaysia,,https://id.jobstreet.com/id/job/94541885?type=standard&ref=search-standalone&origin=cardTitle,94541885,
jobstreet,Malaysia-AI,2026-09-11,2026-09-11T06:01:11.360183,AI Engineer,,"Penang, MY",Malaysia,,https://id.jobstreet.com/id/job/94364916?type=standard&ref=search-standalone&origin=cardTitle,94364916,
jobstreet,Malaysia-AI,2026-09-11,2026-09-11T06:01:11.278023,AI Software R&D Engineer,,"Kuala Lumpur, MY",Malaysia,,https://id.jobstreet.com/id/job/94414491?type=standard&ref=search-standalone&origin=cardTitle,94414491,
jobstreet,Malaysia-AI,2026-09-11,2026-09-11T06:01:11.158972,Associate Engineer - Data Development - Fresher required,,"Bangsar South, Kuala Lumpur, MY",Malaysia,,https://id.jobstreet.com/id/job/94138903?type=standard&ref=search-standalone&origin=cardTitle,94138903,
